<?xml version="1.0" encoding="UTF-8"?>
<project-private xmlns="http://www.netbeans.org/ns/project-private/1">
    <editor-bookmarks xmlns="http://www.netbeans.org/ns/editor-bookmarks/2" lastBookmarkId="0"/>
    <open-files xmlns="http://www.netbeans.org/ns/projectui-open-files/2">
        <group>
            <file>file:/C:/Users/Lucas%20Emanoel/OneDrive%20-%20Etec%20Centro%20Paula%20Souza/Documents/NetBeansProjects/API_2Semestre/src/DAO/RhDAO.java</file>
            <file>file:/C:/Users/Lucas%20Emanoel/OneDrive%20-%20Etec%20Centro%20Paula%20Souza/Documents/NetBeansProjects/API_2Semestre/src/DAO/CandidatoDAO.java</file>
            <file>file:/C:/Users/Lucas%20Emanoel/OneDrive%20-%20Etec%20Centro%20Paula%20Souza/Documents/NetBeansProjects/API_2Semestre/src/View/CadastroRH.java</file>
            <file>file:/C:/Users/Lucas%20Emanoel/OneDrive%20-%20Etec%20Centro%20Paula%20Souza/Documents/NetBeansProjects/API_2Semestre/src/View/TabelaVagas.java</file>
        </group>
    </open-files>
</project-private>
